{
  "x": [
    1334,
    1334,
    1333,
    1331,
    1331,
    1328,
    1327,
    1324,
    1322,
    1321,
    1319,
    1318,
    1316,
    1315,
    1312,
    1310,
    1309,
    1309,
    1307,
    1306,
    1306,
    1306,
    1304,
    1304,
    1303,
    1303,
    1301,
    1301,
    1300,
    1300,
    1298,
    1298,
    1297,
    1297,
    1295,
    1295,
    1295,
    1295,
    1295,
    1295,
    1295
  ],
  "y": [
    742,
    742,
    742,
    742,
    742,
    741,
    741,
    740,
    738,
    738,
    737,
    737,
    735,
    734,
    734,
    732,
    732,
    731,
    731,
    731,
    731,
    731,
    729,
    729,
    728,
    728,
    728,
    728,
    728,
    726,
    725,
    725,
    725,
    725,
    725,
    725,
    725,
    725,
    725,
    723,
    723
  ],
  "t": [
    34204,
    34211,
    34219,
    34227,
    34235,
    34244,
    34251,
    34259,
    34267,
    34276,
    34284,
    34292,
    34299,
    34307,
    34315,
    34324,
    34331,
    34340,
    34348,
    34356,
    34364,
    34372,
    34380,
    34387,
    34395,
    34404,
    34411,
    34420,
    34428,
    34436,
    34443,
    34451,
    34460,
    34468,
    34476,
    34483,
    34492,
    34500,
    34508,
    34516,
    34523
  ],
  "ideal_distance": 43.382023926967726,
  "actual_distance": 48.938826899067294,
  "original_length": 70,
  "extracted_length": 41,
  "leading_removed": 10,
  "trailing_removed": 21,
  "processing": "Movement period extraction (leading/trailing stationary removed, all else preserved)"
}