{
  "x": [
    1250,
    1250,
    1250,
    1250,
    1250,
    1249,
    1249,
    1249,
    1249,
    1249,
    1247,
    1247,
    1247,
    1247,
    1247,
    1247,
    1247,
    1247,
    1247,
    1247,
    1247,
    1246,
    1246
  ],
  "y": [
    710,
    710,
    708,
    705,
    702,
    701,
    699,
    696,
    695,
    693,
    693,
    692,
    690,
    690,
    689,
    689,
    687,
    687,
    687,
    687,
    687,
    687,
    687
  ],
  "t": [
    2148,
    2156,
    2164,
    2171,
    2179,
    2187,
    2196,
    2203,
    2211,
    2219,
    2227,
    2235,
    2244,
    2251,
    2260,
    2267,
    2275,
    2283,
    2291,
    2300,
    2307,
    2316,
    2324
  ],
  "ideal_distance": 23.345235059857504,
  "actual_distance": 26.414213562373096,
  "original_length": 60,
  "extracted_length": 23,
  "leading_removed": 15,
  "trailing_removed": 24,
  "processing": "Movement period extraction (leading/trailing stationary removed, all else preserved)"
}