{
  "x": [
    1306,
    1306,
    1304,
    1303,
    1301,
    1300,
    1298,
    1297,
    1295,
    1294,
    1292,
    1291,
    1289,
    1288,
    1288,
    1286,
    1285,
    1285,
    1283,
    1282,
    1282,
    1282,
    1280,
    1280,
    1279,
    1279,
    1279,
    1277,
    1276,
    1274,
    1273,
    1271,
    1271,
    1270,
    1270
  ],
  "y": [
    724,
    724,
    724,
    724,
    726,
    726,
    726,
    726,
    726,
    727,
    727,
    727,
    727,
    727,
    727,
    727,
    727,
    727,
    727,
    727,
    727,
    727,
    727,
    727,
    727,
    727,
    727,
    727,
    727,
    727,
    727,
    727,
    727,
    727,
    727
  ],
  "t": [
    7436,
    7443,
    7452,
    7460,
    7467,
    7476,
    7484,
    7491,
    7500,
    7507,
    7516,
    7523,
    7532,
    7540,
    7547,
    7556,
    7564,
    7572,
    7580,
    7588,
    7596,
    7604,
    7612,
    7620,
    7627,
    7635,
    7643,
    7652,
    7660,
    7667,
    7676,
    7684,
    7692,
    7700,
    7707
  ],
  "ideal_distance": 36.124783736376884,
  "actual_distance": 37.242640687119284,
  "original_length": 78,
  "extracted_length": 35,
  "leading_removed": 23,
  "trailing_removed": 22,
  "processing": "Movement period extraction (leading/trailing stationary removed, all else preserved)"
}