{
  "x": [
    1136,
    1136,
    1137,
    1139,
    1140,
    1143,
    1146,
    1151,
    1155,
    1158,
    1163,
    1167,
    1173,
    1178,
    1182,
    1187,
    1191,
    1194,
    1197,
    1200,
    1203,
    1205,
    1208,
    1209,
    1211,
    1214,
    1214,
    1215,
    1217,
    1217,
    1218,
    1220,
    1220,
    1221,
    1223,
    1224,
    1224,
    1224,
    1224,
    1224,
    1224,
    1224,
    1226,
    1226,
    1227,
    1227,
    1229,
    1230,
    1230,
    1230,
    1230
  ],
  "y": [
    401,
    401,
    401,
    399,
    396,
    395,
    392,
    389,
    386,
    381,
    378,
    375,
    371,
    368,
    363,
    360,
    357,
    356,
    353,
    350,
    347,
    345,
    342,
    341,
    339,
    338,
    338,
    335,
    335,
    335,
    333,
    332,
    332,
    330,
    329,
    327,
    327,
    327,
    326,
    326,
    326,
    326,
    326,
    326,
    324,
    324,
    324,
    323,
    323,
    321,
    321
  ],
  "t": [
    82172,
    82180,
    82188,
    82196,
    82204,
    82212,
    82220,
    82228,
    82236,
    82244,
    82252,
    82260,
    82268,
    82276,
    82284,
    82292,
    82300,
    82308,
    82316,
    82324,
    82332,
    82340,
    82348,
    82356,
    82364,
    82372,
    82380,
    82388,
    82396,
    82404,
    82412,
    82420,
    82428,
    82436,
    82444,
    82452,
    82460,
    82468,
    82476,
    82484,
    82492,
    82500,
    82508,
    82516,
    82524,
    82532,
    82540,
    82548,
    82556,
    82564,
    82572
  ],
  "ideal_distance": 123.43419299367578,
  "actual_distance": 129.52369436300916,
  "original_length": 78,
  "extracted_length": 51,
  "leading_removed": 14,
  "trailing_removed": 15,
  "processing": "Movement period extraction (leading/trailing stationary removed, all else preserved)"
}